repo_name,easy_file,hard_file
qiniu/qlang,parser/parser.go,cl/compile.go
luci/luci-go,cv/internal/prjmanager/state/handler.go,cv/internal/aggrmetrics/driver.go
luci/luci-go,cv/internal/prjmanager/state/state.go,cv/internal/aggrmetrics/driver.go
rqlite/rqlite,cluster/service.go,cmd/rqlite/main.go
rqlite/rqlite,cluster/service.go,http/service.go
couchbase/cbgt,httpclient.go,gocbcore_utils.go
oinume/lekcije,proto-gen/go/proto/api/v1/me.twirp.go,backend/interface/http/util.go
oinume/lekcije,backend/infrastructure/mysql/following_teacher.go,backend/interface/http/util.go
oinume/lekcije,backend/usecase/following_teacher.go,backend/interface/http/util.go
oinume/lekcije,backend/repository/following_teacher.go,backend/interface/http/util.go
buildkite/agent,agent/version.go,agent/s3.go
anacrolix/torrent,request-strategy/order.go,peer-conn-msg-writer.go
rfjakob/gocryptfs,internal/stupidgcm/stupidchacha.go,internal/stupidgcm/xchacha.go
hajimehoshi/ebiten,audio/internal/readerdriver/driver_unix.go,internal/gamepaddb/gamepaddb.go
hajimehoshi/ebiten,audio/internal/readerdriver/driver_windows.go,internal/gamepaddb/gamepaddb.go
projectcalico/felix,dataplane/linux/policy_mgr.go,dataplane/linux/endpoint_mgr.go
ansible-semaphore/semaphore,api/tasks/http.go,api/projects/keys.go
ansible-semaphore/semaphore,api/tasks/http.go,api/tasks/runner.go
ansible-semaphore/semaphore,api/tasks/http.go,api/tasks/pool.go
ansible-semaphore/semaphore,api/projects/schedules.go,db/bolt/access_key.go
ansible-semaphore/semaphore,api/schedules/pool.go,db/bolt/access_key.go
ansible-semaphore/semaphore,cli/cmd/root.go,db/bolt/access_key.go
